model,epoch,train_loss,val_loss,val_accuracy,val_f1
RNN,1,0.7016165925979614,0.7047528558731079,0.4992,0.6468265162200282
RNN,2,0.6813267862319946,0.6678559064865113,0.5836,0.5768292682926829
RNN,3,0.6321737971305847,0.6390447137832641,0.6474,0.5877951835398644
RNN,4,0.5860173826217652,0.6139223619461059,0.6748,0.672968624296058
RNN,5,0.5665343138694763,0.6568932298660278,0.6542,0.6220765027322405
RNN,6,0.5117708146095276,0.6445357380867004,0.6412,0.6192699490662139
RNN,7,0.45302424745559694,0.6017831649303437,0.727,0.7222787385554426
RNN,8,0.5828351809501648,0.6760039468765259,0.5822,0.4262565229332601
RNN,9,0.5531448210716248,0.7560241270065308,0.5966,0.6748347573754635
RNN,10,0.5568921311378479,0.6895192335128785,0.5876,0.5786677564364529
