row_index,references,greedy_caption,greedy_seconds,beam_caption,beam_seconds,gemini_greedy_score,gemini_beam_score,gemini_greedy_reason,gemini_beam_reason
776,A man on a motorized bike rides across a dirt road . || A man rides a pinkish motorbike on a hill . || A person on a dirt bike is riding up a sandy hill . || A person riding a dirt bike . || Man riding a dirt bike on a dirt track .,a motorcyclist is racing on a track.,1.1537639,a motorcyclist is racing on a track.,0.4997329,5,5,The image clearly shows a motorcyclist riding a dirt bike on a dirt track.,The image clearly shows a motorcyclist riding a dirt bike on a dirt track.
507,A boat with two fishermen sits peacefully on the lake . || A silhouette of two men in a boat on a misty lake || Two men in a fishing boat on a river enjoy a pleasant morning . || Two people are in a canoe on a river in misty conditions . || Two people drift in a small boat on a foggy lake with trees in the background .,two people are rowing their canoe on the lake.,0.1541506,two people are rowing their canoe on the lake at dusk.,0.2088005,4,3,"Accurately describes two people in a canoe on a lake, though misses the fog/mist.","Mentions two people in a canoe on a lake, but incorrectly identifies the lighting as 'dusk' instead of morning mist/fog."
895,a boy on skateboard is making a jump from a blue bench beside a white wall . || A boy skateboarding in an urban area || A skateboarder midair with his skateboard . || Teen grinding a bench on a skateboard || The boy is skateboarding on the bench by the fence .,a man in a grey shirt is skateboarding on a rail.,0.1901486,a skateboarder in midair at a skate park.,0.2633192,3,4,"The man is in a grey shirt and performing a trick, but he is performing it over a bench/ledge rather than a rail.","The skateboarder is indeed in midair, though calling it a 'skate park' is slightly inaccurate as it looks like a school or building exterior with a ledge/bench."
922,A woman playing an acoustic guitar with a microphone || A woman singing and playing the acoustic guitar onstage . || A woman sings into a microphone while playing guitar . || A young brown haired woman plays her guitar and sings into a microphone . || A young woman plays guitar and sings on a stage .,a woman is playing a guitar at a microphone.,0.1533377,a man is playing a guitar at a microphone.,0.2544977,5,2,Accurately describes a woman playing guitar at a microphone.,Incorrectly identifies the woman as a man.
33,a man crashes into the water with his parachute . || A parasailer splashes along the surface of a lake . || A person hanging from a parachute makes a splash as their body hits the water . || A person in a parachute sliding across the water . || The parasailer is skipping across the water .,a man is wakeboarding on a lake.,0.1532153,a man is wakeboarding on a lake.,0.2067253,2,2,"The image shows a parachutist landing or skimming the water surface, not wakeboarding.","The image shows a parachutist landing or skimming the water surface, not wakeboarding."
483,A black and brown dog stands on a roof . || A black dog at the top of a red incline . || A dog has his paw on the red roof of a kennel . || A dog jumps over the top of an obstacle . || A dog leaps onto the red roof of the doghouse .,a dog jumps over a red hurdle.,0.1574904,a black and white dog is jumping over a red hurdle.,0.2169266,5,4,Accurately describes the dog jumping over a red hurdle.,"Mostly accurate, but the dog is tricolor (black, white, and tan/brown) rather than strictly black and white."
85,A blonde woman in black jeans is sitting on a wall examining her nails . || A woman in black jeans sits on the railing of a bridge with a harbor in the background . || A young woman sitting on a ledge with a black purse looking at her finger nails . || girl sitting on wall looking at her nails || The girl has a black purse and is sitting on the side of a ledge .,a woman in a white shirt is sitting on a wall and smoking a cigarette.,0.198728,a young woman in a white shirt is sitting on a stone wall with a cellphone in her mouth.,0.3433084,2,2,"The woman is sitting on a wall in a white shirt, but she is not smoking a cigarette.","The woman is sitting on a wall in a white shirt, but she does not have a cellphone in her mouth; she is holding something small near her hands."
750,A boy riding a sled off of a snow ramp . || A boy riding a tobaggan down a snowy hill || A child sleds over a mound of snow as others watch him . || A group of people are sledding down a snow covered hill . || The young man is flying through the air on his green snowboard .,a person is sleding down a hill.,0.1838831,two people are riding a green sled down a hill.,0.19485,4,3,"Accurately describes a person sledding down a hill, though it misses the specific color and airborne action.","Mentions a green sled and a hill correctly, but incorrectly states there are two people riding it (there is only one person airborne on the green sled)."
354,A group of dogs look at each other while standing in the snow . || three dogs come face to face with each other in a snowy field . || Three dogs in the snow . || Three dogs meet in the snow . || Three dogs playing in the snow .,two dogs are playing in the snow.,0.1287893,two dogs are playing in the snow.,0.1564844,3,3,"There are actually three dogs playing in the snow, not two.","There are actually three dogs playing in the snow, not two."
523,"A man wearing goggles snowboards on a half pipe . || A person on a yellow snowboard does some tricks in the snow . || Person snowboarding at a ski slope . || The snowboarder in the blue pants is performing a trick . || The snowboarder is wearing a dark top , blue pants and a helmet with goggles .",a snowboarder in midair at a ski slope.,0.1888705,a snowboarder in midair.,0.2501658,5,5,Accurately describes the snowboarder in midair at a ski resort with a ski slope and chairlifts visible.,"Accurately states that there is a snowboarder in midair, which is correct."
184,"Two bicycle riders in twilight on the shore . || Two children on bikes riding on a desolate street near water and a streetlamp . || Two kids ride their bikes by the ocean , in the evening . || Two people are on bikes are next to a white building . || Two people are riding bikes on a vacant street near the ocean .",a man riding a bicycle on a street near a building.,0.1723285,a man riding a bicycle on the street near a beach at dusk.,0.2562075,4,5,"Accurately describes a person riding a bicycle near a building, though it misses the context of the beach/sea.","Accurately describes a person riding a bicycle near the street, beach, and at dusk."
809,A dog runs along a forest lane . || A pale dog is running along a dirt path . || A shaggy dog runs down a dirt trail in a lush forest . || A white and brown shaggy dog is running down a dirt path in a park . || The curly haired white dog is running down a wooded path .,a fluffy dog runs down a dirt road.,0.1567875,a fluffy dog is running down a dirt road.,0.194727,5,5,Accurately describes the fluffy dog running on a dirt path in the woods.,Equally accurate description with slightly different phrasing (is running vs runs).
418,A group of dogs racing . || A number eight racing dog is beating a number four racing dog slightly in a race . || Several dogs wearing muzzles are racing on a track . || There are three dogs wearing numbered jerseys running a race . || Three race dogs run to finish a race .,two greyhounds racing each other on a track.,0.1600601,two greyhounds are racing each other on a track.,0.1987451,3,3,"Accurately identifies greyhounds racing on a track, but misses the fact that there are more than two dogs visible.","Accurately identifies greyhounds racing on a track, but misses the fact that there are more than two dogs visible."
615,"a group of woman in pink dresses walking across a crosswalk towards a cruisship . || A group of women in pink dresses , walking across a street . || Girls in pink dresses walk toward a cruise ship || Ladies in bright dresses are crossing the road . || Several woman walking down the street dressed in pink and other assorted people .",a group of people in pink are walking on a street.,0.190805,a group of girls in pink are walking on a street.,0.2058985,5,4,Accurately describes a group of people wearing pink walking on a street.,"Mostly accurate, but specifies 'girls' when the group consists of adult women."
682,A group of rollerbladers is lined up on the street . || A group of rollerblading on a sloping road . || A line of rollerbladers crouch down aerodynamically || Many people are rollerblading down the street . || Rollerbladers roll in formation down a hill .,a group of people are racing on a road.,0.1823232,a group of people are racing on a road.,0.1801273,5,5,The caption accurately describes a group of people racing on roller skates along a paved road.,The caption accurately describes a group of people racing on roller skates along a paved road.
501,"A snowboarder in bright green performing a jump at a competition . || A snowboarder in midair , after jumping a ramp . || A snowboarder jumps high in the air over a snowy hill . || A snowboarder launches off a ramp . || Snowboarder sails in the air .",a snowboarder in the air at a jump.,0.1496105,a snowboarder in the air at the top of a ramp.,0.2547739,5,3,Accurately describes the snowboarder in the air performing a jump over a terrain park feature.,"Partly accurate; the snowboarder is in the air after a jump, but not 'at the top of a ramp'."
760,A girl twirls in a pink dress . || A little girl dancing in a pink and green dress . || A little girl twirls around in a flowery dress . || A young girl in a pink dress is dancing . || Blonde girl in green dress with pink flowers .,a girl in a pink dress is standing on a sidewalk.,0.1822607,a young girl in a pink dress is standing on the sidewalk.,0.2144927,,,,
49,A blonde girl is stepping on vertical logs in the sand . || A little girl is walking along a line of logs on a sandy beach . || A young girl balances on wooden pylons at the beach . || A young girl is walking on stumps on the beach next to the ocean . || Girl walking along the tops of wooden posts set into sand on a beach .,a girl in a pink dress is jumping on a beach.,0.1556422,a girl in an orange and white dress on the beach.,0.248269,,,,
732,a dog gets sprayed by a hose . || A dog is being sprayed with water . || A dog jumping through the air getting hit by water . || An animal is hosed down by a brick wall . || Leaping dog sprayed by off screen person with hose .,a dog is jumping over a rope.,0.1191364,a black and white dog is jumping through the air with his mouth open.,0.2815087,,,,
336,"A blond woman in a blue shirt appears to wait for a ride . || A blond woman is on the street hailing a taxi . || A woman is signaling is to traffic , as seen from behind . || A woman with blonde hair wearing a blue tube top is waving on the side of the street . || The woman in the blue dress is holding out her arm at oncoming traffic .",a girl in a blue shirt is reaching for a blue car.,0.1767917,a girl in a blue shirt raises her arms in the air in front of a blue car.,0.3136416,,,,
450,A girl in a field with a yellow scarf . || a girl in along grass field is spinning some yellow material around her . || A woman in a field enjoys her clothing being blown by the wind . || A young woman in a sunny meadow watches her yellow scarf blow in the wind . || Woman in a field of tall grass and wildflowers holding up a yellow scarf,a girl in a pink dress is running through a field of green grass.,0.196571,a girl in a pink dress is running through a field of green grass.,0.2826342,,,,
790,A girl in a black coat next to some school kids . || Four teenagers are standing at the foot of some steps by a brick wall . || Kids are waiting at the bottom of a staircase attached to a brick building . || Peoople stand outside a building near a street . || Teenagers congregate outside a brick building,three children are walking on a sidewalk.,0.1230085,a group of people are walking on a sidewalk.,0.1878596,,,,
350,A girl smiles as she runs across the white sandy beach in her swimsuit . || a little girl in a flowered bathingsuit runs through the sand at the beach || A little girl in a flower swimsuit running across the beach with waves in the background . || There is a little girl running on the beach . || The young girl is running on a sandy beach .,a girl in a bathing suit runs on the beach.,0.1656375,a young girl in a bathing suit runs on the beach.,0.2397725,,,,
467,"A boy hiding behind a tree || A boy in a striped t-shirt is standing by a tree in front of the picnic tables . || A little boy in a striped shirt is standing behind a tree . || A young boy in a striped shirt is leaning against a tree while another child sits at a picnic table . || Two boys in a park , one standing near a tree and one sitting at a picnic table with the playground behind them .",a young boy in a striped shirt is climbing a tree.,0.176867,a young boy in a striped shirt is climbing a tree.,0.2104416,,,,
622,"a boy is kneeling under a statue of bear that has a painting of a man on its back . || A boy sits under a bear with Einstein 's picture on it . || A picture of Albert Einstein on a white bear statue , with a little boy standing under the bear statue 's face . || A portrait of Einstein is painted on statue of a polar bear . || Painting of Albert Einstein on a bear with child reaching up .",a child is standing in front of a statue of a white dog.,0.1884953,a little girl and a little boy are standing in front of a statue of a white elephant.,0.3141702,,,,
476,"A dog hops in a field while another dog stands next to it . || One dog is jumping up at another dog in a grassy field . || The two tan colored dogs are in a field , and one is jumping in the air . || Two brown dogs in a field . || Two brown dogs play with one another in the field .",two dogs are running through a field.,0.1218821,two brown dogs are running through a field.,0.1726313,,,,
614,"A black and a blonde dog are either playing or fighting with each other . || A white and a black dog fighting in a fenced in room . || Two dogs are jumping up at each other . || Two dogs fighting , one is black , the other beige . || Two dogs in a kennel on their hind legs facing one another .",two dogs are playing on a black surface.,0.135891,two dogs are playing together.,0.1663072,,,,
554,A large man sits in a military accessories store . || A man in glasses is sitting behind a table laden with military memorabilia . || A man is sitting at a table full of military items and clothing . || A man sits at a table crowded with military merchandise . || Veteran shows off different things from a war .,a man sits at a table at a clothing shop.,0.1448542,a man sits at a table at a clothing shop.,0.2147072,,,,
365,a boy jumping off a swing || A boy jumps off a swing on the swing set when its high enough . || A child in a white shirt coming out of a swing in midair . || A young boy leaps off a swing . || The boy wearing white is leaping from the swing .,a young boy is jumping on a swing.,0.1293919,a young boy is jumping on a swing.,0.1819549,,,,
770,"A group of people on skis with two dogs . || A man dressed in a horned hat poses for a picture on skis with three other people and a dog . || Four people holding each others shoulders with a brown dog in front of them , standing on snow . || People dressed in costumes are on skis . || People , some dressed in costumes , and dogs on a snowy mountain .",a group of people are posing in the snow with their dogs.,0.1775155,a group of people are standing in the snow with their dogs.,0.2281614,,,,
630,A child and her mother are playing ball in a park . || A little girl with a hat playing ball with her mom . || A young asian girl with a woman plays with a blue ball in a part setting . || A young woman and her daughter play with a blue and white beach ball in the grass . || Girl with tan dress and a hat with woman in a grey top with blue ball on ground .,a woman and a girl are playing with a blue and pink ball.,0.1966131,a little girl and a little boy are playing with a blue and pink ball.,0.2826098,,,,
940,Four children on stools in a diner . || Four children sit on tall bar stools at a yellow and grey bar . || Four small children sit on tall stools at a restaurant bar . || Four young children sitting on large bar stools next to a counter . || Four young kids are sitting on large stools at a bar waiting for drinks,four children sit on chairs at a bar.,0.1364092,a group of children sit at a bar.,0.2093408,,,,
797,Two girls in karate uniforms struggle in a dojo . || Two little girls are dressed in white karate uniforms . || Two little girls practice martial arts . || Two little girls spar in a Karate bout . || Two young girls sparring in white martial arts outfits while a third person watches from the side .,two girls are fighting on a green mat.,0.1378921,two girls in karate uniforms are fighting.,0.1703089,,,,
496,a man looks through his binoculars while another man holds a drink . || A man with a thermos is standing next to a man who is gazing through binoculars . || Two men are standing together while one looks through binoculars . || Two men look out as one is holding binoculars . || two people standing next to each other with mountains in the distance .,two men are taking pictures at the beach.,0.1374954,two men are taking pictures at the beach.,0.1782781,,,,
924,Two boys in a field kicking a soccer ball . || Two children are playing with a soccer ball on grass . || Two children playing with a ball on the grass . || Two children play soccer in the park . || Two little boys are playing outside with their soccer ball on the green grass .,two children are playing with a ball in a field.,0.1500459,two children are playing with a ball in a grassy field.,0.2174811,,,,
369,A man racing an orange motorcycle . || A man riding an orange and white motorcycle . || A motorcyclist races around a track . || An orange and white motorcycle is being ridden on a racetrack . || Someone is driving an orange motorbike along pavement .,a motorcyclist is racing on a track.,0.1444395,a motorcyclist on a track.,0.1873959,,,,
596,A black dog paddles behind a black cat in a body of water . || A dog and a cat are swimming in a swimming pool . || Two black dogs are dog paddling in a sparkling blue pool . || Two black dogs are swimming in a pool . || Two dogs swimming in a pool .,a black dog is swimming in a pool.,0.1618311,a black dog is swimming in a pool.,0.1707705,,,,
720,"A girl 's hands , another person 's feet , and a boy playing bongo drums sit on a picnic table . || A picture of a group of peoples ' feet . || The legs and feet of people sitting on a wooden table , two cameras and cigarettes on it . || Three people are sitting on a picnic table along with two cameras and a drum . || Three people sit on a bench .",a man in a red shirt is sitting on a bench.,0.1734697,a man and a woman sit on a bench.,0.2219659,,,,
53,"A couple is walking down the sidewalk . || A couple walks down a city street holding hands . || The Asian girl wearing a pink and black striped top is walking next to the girl in the grey top . || Two students walk down a street , holding hands . || Two women are walking casually down the street together .",two asian men are walking down a street.,0.1313295,two asian men are walking on a sidewalk.,0.1768781,,,,
426,A boy tries to throw water on another person with his water bottle . || A boy wearing a red shirt is splashing water on a woman 's legs . || A boy with a bottle plays with an older girl . || A young boy splashing an older person with a bottle of water || The laughing boy holds a water bottle while a lady with wet pants walks nearby .,a boy in a red shirt is holding a drink while a boy in a blue shirt watches.,0.2288851,a young boy in a red shirt is holding a drink while a younger boy in a blue shirt watches.,0.3312906,,,,
56,two children are playing on a swing made out of a tire . || Two children swing around in a tire swing at a park . || Two children swinging on a tire swing . || two small children happily playing on a tire swing . || Two small children wearing blue jeans enjoy swinging in a tire swing .,two young boys are swinging on a tire swing.,0.1856666,two young boys are swinging on a swing.,0.1819882,,,,
264,A group of men are changing the shells on a cannon . || Group of men loading a cannon . || several men loading a metal cannon || Several people work on a machine . || Some men try to load what looks like a cannon .,two men are putting on a gun at a gun range.,0.1711472,a man in a blue shirt and a man in a white shirt sit on a bench.,0.2969319,,,,
772,A man and a dog running across shallow water on a beach . || A man and his dog walk on the ice of a frozen pond . || A man dressed in winter clothes is on the beach wiht a dog . || a man in a brown jacket is running on a sandy bay towards a dog that is in turn running towards him . || The backview of a man dressed up in a jacket and a dog running towards him .,a man and a dog are walking on a frozen pond.,0.1631368,a man and a dog are walking on a frozen pond.,0.2284251,,,,
185,a boy enjoys a rain shower . || A boy in bathing trunks is standing under a water shower . || A boy in swim trunks screams while being sprayed with water . || A boy is squinting while being sprayed with water from a flat ground surface . || A boy wearing black swimming trunks is standing in a fountain .,a young boy in a bathing suit is running through a sprinkler.,0.2230691,a young boy splashing in a sprinkler at a water sprinkler.,0.2808356,,,,
466,"A dark-haired young woman , number 528 , wearing red and white , is preparing to throw a shot put . || A girl is curling in a competition . || Athletic woman in red and white uniform throwing shot put . || A woman is about to race around a track . || Shotput athlete getting ready to throw .",a woman in a red jersey is holding a microphone and standing in front of a crowd.,0.2503468,a woman in a red jersey is holding a microphone and standing on a track.,0.283273,,,,
789,A man in a rowboat is rowing across blue water . || A man is rowing in a small boat called Neptuno || A man rows his boat below . || Man rowing a boat . || The fisherman paddles in his to a new spot .,a man in a boat on the water.,0.1315045,a man in a boat on the water.,0.1792562,,,,
174,A couple are walking along a street while the man carries a toddler over one shoulder . || A couple is walking away while an infant sleeps on the father 's shoulders . || A man carries a child while he walks with a woman . || A man holding a sleeping child walks with a woman . || The man walking next to the woman up the steps has a sleeping child on his shoulder .,two people are walking down a sidewalk.,0.1236473,a man and a woman in striped shirts are looking at something in the distance.,0.2679646,,,,
150,A brown dog jumping over a obstacle . || A dark brown dog wearing a yellow harness is jumping over a hurdle in an agility competition . || A dark dog is competing in a dog show competition . || Brown dog with yellow harness jumping over white obstacle || Dog jumping a hurdle in a sporting event .,a brown dog is running on a red and white track.,0.1615523,a brown dog is racing on a track.,0.2903179,,,,
741,A man and a woman wearing a head covering turn the video camera on themselves . || A man and woman pose for the video camera that they are holding . || A man in a brown sweater and a woman smile for their video camera . || A smiling couple with a camcorder . || Woman standing with man holding a camcorder and smiling into lens .,a man and a woman are smiling at the camera.,0.1672547,a man and a woman pose for the camera.,0.1992058,,,,
113,"A black dog and a tan dog fighting . || A black dog and a white dog are wrestling on the ground . || A black dog bites a white dog while standing on the sand . || two dogs fight . || Two dogs , one white and one black , play with each other in the sand .",two dogs are playing together.,0.1188183,a black dog and a black and white dog are playing in the sand.,0.2955007,,,,
428,A black dog is slowly crossing a fallen log that is outstretched over a stream of water . || A dog crossing a river on a bridge made of a fallen tree . || A dog walks on a log across a small river . || The black dog is walking along a tree trunk bridge over water . || The dog walks across the stream on a fallen log .,a black dog walks on a dock.,0.1319023,a black dog is walking on the shore of a pond.,0.2045057,,,,
965,a brown dog about to jump on a smaller black and tan dog || Large dog playing with smaller dog || Two dogs are playing together outside . || Two dogs playing in the grass with an adult nearby . || Two dogs playing with each other .,a dog and a dog are running in the grass.,0.1469244,two dogs are running in the grass with a man in the background.,0.293774,,,,
18,A big dog chases a little dog on the grass . || A black dog is chasing a smaller brown dog over grass . || The large brown dog is chasing after the little brown dog . || Two brown dogs run through the grass together . || two dogs play in the grass .,two dogs are running through a field.,0.1450717,two dogs are running in the grass.,0.2570363,,,,
189,A pack of black dogs running in grass . || Five black dogs run in a field . || Five black dogs running across the grass . || Many black dogs run in a grassy area . || The black dogs are running in a grassy field,three black dogs are running through the grass.,0.1333051,three black dogs are running through the grass.,0.1718764,,,,
414,"Two men are standing beside a sign that says "" Jesus or hell "" . || Two men are standing in front of a protest sign resting on a red electric box . || Two men are talking on the street ; one is pointing at a sign that says "" Jesus or Hell "" beneath a red box , and the other is standing there listening . || Two men discuss a sign that says "" Jesus or Hell "" . || Two men talking by a red box and a poster",two men stand in front of a sign.,0.1487283,a man in a white shirt is standing in front of a red telephone booth.,0.3962694,,,,
589,A child playing in the beach sand during a sunset . || A child playing in the sand of a beach with the sun low on the horizon . || A person on the beach beside the ocean at sunset . || Image of a sunset at the beach with a kid in the foreground . || Someone paddles a small boat across a still lake at sunset .,a dog is standing on the beach at sunset.,0.1902142,a dog on the beach at sunset.,0.1838123,,,,
666,"a dog jumps over a fence , while two other dogs watch . || One dog , apparently standing on the edge of a fence , confronts three others in a backyard setting . || The dog is on the fence || Three dogs are in a fenced yard and one is jumping off the fence . || Two pitbulls fighting , one standing on top of a fence .",a tan dog is jumping over a fence.,0.127599,a tan dog is jumping over a fence.,0.1911215,,,,
763,A black dog jumping . || A brown dog is jumping on its hind legs . || a brown dog is leaping into the air in front of a wooden structure in a pine forest . || a brown dog jumping off the ground in the woods || The dog leaps into the air in a field .,a black dog jumps to catch a ball.,0.133789,a black dog jumps to catch a frisbee.,0.197034,,,,
221,"a couple walking down the street carrying bags || A man and a woman are carrying bags down an empty street . || A man and a woman walking down a street , carrying luggage . || Two people carrying various items walking down a city street . || Two people carry their bags down an unpaved road .",two children are walking down a street in front of a building.,0.1828256,two children are walking down a street in front of a building.,0.2203683,,,,
586,A dog walks down the dirt road as a person follows . || A tan dog walks ahead of a man in a dry area . || A white dog is going for a walk through the desert with its owner . || A yellow dog is walking along a mountain trail || Dog in desert area with distant man in background .,a dog is running down a dirt road.,0.1413774,a dog is running down a dirt road.,0.1801613,,,,
581,A kite surfer begins to fall in the ocean . || A man parasails in the choppy water . || A man wakeboards on choppy water . || A man windsurfs in a wetsuit . || A windsurfer is balancing on choppy water .,a man is parasailing on a wave.,0.1466963,a man is parasailing in the water.,0.2499357,,,,
299,A brown and white dog stands outside while it snows . || A dog is looking at something near the water . || A furry dog attempts to dry itself by shaking the water off its coat . || A white and brown dog shaking its self dry . || The large brown and white dog shakes off water .,a dog is running through the snow.,0.1301158,a brown and white dog is running through the snow.,0.1956953,,,,
638,"A guitarist plays while people play with hula-hoops in the background . || A guitarist sits playing before microphones , while a man and a boy dance and a woman stands by . || A man in a white hat plays guitar on a stage . || A man plays guitar on a stage while another woman smiles || Four people performing music outdoors .",a band performs at a microphone.,0.115422,a band performs on a stage.,0.3145663,,,,
386,The two greyhound dogs wearing sweaters are playing in the grass . || Two dogs play in the grass . || Two dogs wearing shirts play in the green grass . || Two dogs wearing sweaters play in a field . || Two dogs wearing sweaters play in the grass .,two dogs are running in the grass.,0.1187633,two dogs are running in the grass.,0.2566064,,,,
364,A dog in the snow || A dog walks through the snow . || A golden dog looks alert as he stands in snow . || A yellow dog in the snow . || There is a medium sized tan colored dog out in the snow .,a tan dog is running through the snow.,0.1611894,a tan dog runs through the snow.,0.1630125,,,,
879,A loan runner participates in a race in the rain . || A woman in a red vest jogs down the street in a heavy rain . || A woman runner in red is getting drenched in the rain . || A woman wearing a red vest runs a race through the rain . || Woman jogging in the rain .,a man in a red jersey is running on a wet track.,0.1844694,a man in a red jersey is running on a wet track.,0.2689146,,,,
334,A group of people who are naked and riding bikes in the streets . || A naked man rides a bike . || Naked people riding bikes . || The man leading cyclist through the city streets is butt naked . || Three naked people ride bicycles in a city street while law enforcement and a crowd looks on .,a man in a yellow jersey is riding a bicycle in a race.,0.1849678,a group of bicyclists in a race.,0.2471912,,,,
16,A dog with a Frisbee in front of a brown dog . || A large black dog is catching a Frisbee while a large brown dog follows shortly after . || Two dark colored dogs romp in the grass with a blue Frisbee . || Two dogs are catching blue Frisbees in grass . || Two dogs are playing ; one is catching a Frisbee .,two dogs are playing with a blue frisbee.,0.1723119,two dogs are playing with a frisbee in the grass.,0.2404925,,,,
202,A man in the near distance is pointing to a silver sedan near him . || A man is playing tennis with himself against a large wall in a parking lot . || A man walks toward a car in a parking lot . || Man stands outside against wall with tennis racket in dark . || The man is playing tennis against the building .,a man walks on the street.,0.1194657,a man is walking on the street in front of a wall.,0.2194114,,,,
1,a brown and white dog swimming towards some in the pool || A dog in a swimming pool swims toward sombody we cannot see . || A dog swims in a pool near a person . || Small dog is paddling through the water in a pool . || The small brown and white dog is in the pool .,a dog is swimming in a pool.,0.1235236,a dog swims in a pool.,0.2030876,,,,
38,"A basketball player wearing a black and white uniform dribbles the ball . || At a women 's basketball game , a white skinned woman dribbles against the Chicago defense . || Basketball players in action . || The basketball player in white is dribbling the ball towards the player in black . || Woman in white dribbling basketball .",a basketball player in a white uniform is going for the ball.,0.1848663,a man in a white uniform is dribing a basketball while another man in a black uniform watches.,0.329078,,,,
290,"A man sitting at an outside table , eating lunch , marking on a paper . || a single man sitting at a round table reading outside of a shop || Man reading a newspaper at an outdoors restaurant . || Man reading in a chair outside || The man is taking notes at the table .",a man sits on a chair.,0.1165242,a man in a green shirt is sitting on a chair.,0.2619908,,,,
493,"A girl in a black jacket and hat is covered in a pink blanket || A woman derssed in a black sweater , gloves , hat , and a scarf sits on the beach near a boulder . || A woman in a black cap and outfit sits in the sand . || A woman wearing a black hat sits on the sand with a rock behind her . || The girl sitting by a rock is wearing a black coat , black hat , black gloves but is covered by a pink blanket .",a man in a black jacket and tie sits on the beach.,0.181012,a man sits on the beach.,0.2316401,,,,
247,A brown dog shakes himself dry . || A brown dog shakes off water after exiting a natural pond . || A brown dog shaking off water . || A dog shakes off after getting out of the water . || A gray dog is shaking water from its body .,a brown dog is running through a stream.,0.139833,a brown dog with its mouth open is standing in the grass.,0.2274559,,,,
506,A brown and white greyhound wearing a red number five is caught in midair racing . || A greyhound with the number 5 on it is running along a dirt racing track . || A muzzled animal jumps over a metal bar and splashes through the mud . || a muzzled greyhound wearing the number five is running on a dog track . || Dog with muzzle and sweater marked 5 runs on dirt track .,a greyhound is racing on a track.,0.1307356,a greyhound is racing on a track.,0.1725372,,,,
896,"A group of dogs , chickens and a turkey stand by a bucket . || Five white puppies and several chickens compete for food || Many white puppies are eating food near several brown roosters . || Puppies , chickens and a turkey examining bucket contents on dirt . || Some chicken , dogs , and a turkey are trying to get some food out of a white bucket .",two dogs are laying on the ground.,0.140632,two dogs are laying on the grass.,0.1587363,,,,
713,A basketball player dribbles the ball while another blocks him and an official looks on . || A basketball player in a whit outfit is dribbling the ball around a player in a red outfit as the referee looks on . || A Miami basketball player dribbles by an Arizona State player . || A referee watches two basketball players playing basketball . || The guard drives towards the basket during a college basketball game .,a miami miami miami miami miami miami miami miami miami miami miami miami miami miami miami miami miami miami miami miami miami miami miami miami miami miami miami miami,0.4033424,a miami miami miami miami miami miami miami miami miami miami miami miami miami miami miami miami miami miami miami miami miami miami miami miami miami miami miami,0.4786546,,,,
891,A man in a yellow jacket standing on a rock in front of mountains . || A man is standing on a rock in front of a mountainous area . || A man on top of a high mountain || A man standing on the ledge of a mountain with mountains a blue skies in the background . || A man wearing a yellow coat stands at the peak of a mountain .,a man in a yellow jacket is standing on a mountaintop.,0.1824536,a man in a yellow jacket is standing on the top of a mountain.,0.244392,,,,
76,A child with a pink headband and blue shirt smiling . || A girl in a purple shirt and pink headband posing || A young girl is wearing a purple shirt and pink headband . || A young girl with a purple shirt and a pink hair band standing near the woods . || Smiling young girl wearing pink headband and lavender shirt,a girl in a purple dress is smiling at the camera.,0.1745878,a girl in a purple dress with a pink headband on her head.,0.2676847,,,,
911,"A kayak on the river is passing by a wire bridge that joins both banks . || Some people ride their kayaks down the river . || two conoes float down the river . || Two groups are canoeing on a river overlooking a mountain . || Two people rafting down a river , a footbridge in the background .",two people kayak on a river.,0.117652,two people kayak on a river.,0.168058,,,,
792,One climber is sitting on the rock overlooking the ocean whilst another climber is on her way up . || Two people are on a rock overlooking the ocean || Two people climb a rock overhanging water . || Two people climb rocks over some water . || Two people rock climbing near water .,a man is riding a bike on a rock ledge over a body of water.,0.2128387,a man is riding a bike on a rock ledge over a body of water.,0.2450659,,,,
508,A group of basketball players wearing yellow and green reach for a ball . || Basketball players shoot for a goal during a game . || Four men jumping in a basketball game || In this picture all men from both basketball teams with red and green jerseys are jumping . || The man on the yellow basketball team tries to score while the men on the opposing team try to block his shot .,a man in a yellow uniform is shooting a basketball while another man in a green uniform watches.,0.2411215,a man in a green uniform is dunking a basketball while another man in a yellow uniform watches.,0.3089097,,,,
177,A kite surfer is doing a flip over the waves . || a man jumps over a wave on his surfboard . || A person on a parasail jumps off a wave . || A silver craft rides the waves . || A windsurfer angles over a wave .,a white sailboat is in the air over rough waves.,0.1855152,a sailer in the air over rough waves.,0.1797677,,,,
842,"A naked baby and toddler are playing with red fingerpaints . || A naked baby and toddler on the floor covered in paint , the toddler putting her hands on the baby 's head . || A naked baby and toddler smear each other in paint . || A naked toddler is covering a naked baby with paint . || Two naked young children smear each other with red paint .",two children are sitting on the floor and playing with their hands.,0.1919034,two children are sitting on the floor covered in red paint.,0.1999707,,,,
200,A girl wets her head in a white bucket . || A little girl dips her hair into a bucket filled with water . || A little girl has dunked her head in a bowl of water . || A little girl in a dress lifts her soaked head from a bucket . || a young girl lifting her wet hair out of a white bucket,a girl in a pink dress is standing in front of a bucket of gold beads.,0.2208714,a girl in a pink dress is standing in front of a white bucket.,0.2869272,,,,
765,"A man among steep and snowy mountains . || Someone hikes down a steep , frozen mountainside . || The grass has ice on it and there is a mountain in the background . || The man is climbing up a steep snowy mountain . || The person is high on a mountain during sunset .",a person is standing on the snow at the top of a mountain.,0.1883668,a person is standing in the snow at the top of a mountain.,0.2575127,,,,
909,A boy in a dusty alley playing stickball . || A boy swings a piece of wood . || A child swings a bat next to a stone wall . || A young boy wearing a blue visor swings a bat . || A young boy with a visor on plays ball with his bat in the street .,a man in a blue cap is hitting a bat at a ball.,0.2230387,a man in a blue cap is swinging a bat at a ball.,0.2314893,,,,
293,A boy is leading donkeys on a path . || A man and two pack mules walk across a field in front of a mountain . || A man is walking in a field behind two donkeys . || A man travels with two donkeys in the mountains || A person in a blue jacket follows two donkeys along a mountain trail .,two dogs are walking in the grass with a mountain in the background.,0.1775635,two dogs are standing in a field of grass with mountains in the background.,0.2717983,,,,
538,"A firetruck stops and makes a call at a bridge , where a man and his dogs are running . || A firetruck with ladder extended on the side of the road . || A jogger with a dog approaches a ladder truck . || A jogger with a dog running towards a firetruck with extended ladder on a road || A man walks on a sidewalk and a firetruck is nearby .",a man and a woman are running on a track.,0.1596004,a man and a woman are running in a race.,0.2164138,,,,
24,A black Mitsubishi is driving through a muddy puddle and spraying water . || A blue car splashes mud on a dirt road while driving through a puddle . || A blueish green car on a dirt road splashing water on the left . || A dark blue car going through a muddy road and sprinkling some to the side . || There is a blue car on a road in the roads splashing through a puddle .,a blue car is driving through a puddle.,0.1821727,a blue car splashing through the mud.,0.1929741,,,,
694,a black and white dog jumping in the air to catch a Frisbee || A black and white dog jumping in a yard . || A black dog jumps for a Frisbee in a backyard with a white fence . || A dog catches a flying disk in a yard with a tree . || A jumping dog in motion .,a black dog is jumping up to catch a red ball.,0.2065082,a black and white dog is jumping up to catch a red ball.,0.3099404,,,,
210,Two bmx riders racing on a track || Two motocross bikes are being raced around a dirt track . || Two motocross riders next to each other on a dirt track . || Two motorcyclists are on a dirt track . || Two people wearing racing uniforms are riding racing motorcycles .,a motorcyclist is racing on a track.,0.2150904,two motorcyclists racing on a track.,0.2991628,,,,
424,A dirty tan dog rolling in the dirt and looking right at the camera . || A dog lies on the ground . || A dog rolls on the ground . || Dog with black collar rolling in dirt and dried leaves || The brown dog is rolling around in the dirt .,a dog is lying on the ground.,0.129875,a brown dog is lying on the ground.,0.1643726,,,,
528,A beagle is playing with a tennis ball . || A puppy dog is playing with a tennis ball . || A puppy is playing with a tennis ball on a well-kept path lined with groomed bushes . || A puppy plays with a tennis ball on a stone path . || A white-footed beagle plays with a tennis ball on a garden path .,a dog is sniffing a tennis ball.,0.1358927,a brown and black dog is sniffing a tennis ball.,0.2479357,,,,
34,A brown dog walks in the under brush . || A dog pauses in the bushes . || a dog runs through the long grass . || Brown dog with mouth open standing amidst greenery . || brown long-haired dog in garden .,a brown dog is running through the grass.,0.1331714,a brown dog is running through the grass.,0.2297295,,,,
928,A man in a white restaraunt shirt smokes next to a dumpster . || A man is lighting a smoke outside of a building . || a man lighting a cigarette near a dumpster in an ally . || A man lights a cigarette on a loading dock near a dumpster . || The man is lighting a cigarette outside the back of a building .,a man in a white shirt is standing on a blue truck.,0.1922803,a man in a white shirt is standing on a blue truck.,0.2263261,,,,
398,A couple in a parking lot . || A couple walks past a car in a parking lot . || A man and a woman are walking past a car with a fancy symbol on the front . || A man and a woman walk past a red car with a silver hood ornament || A man and woman walking next to a red car with an unusual hood ornament .,a man and a woman walk in front of a red car.,0.1716561,a man and a woman are walking in front of a red car.,0.2381869,,,,
607,"A young boy sits at a picnic table and drinks out of a small cup . || Boy drinking , at backyard table full of bowls of food . || Child sitting at a backyard picnic table . || Little boy is drinking out of a glass at a picnic . || The boy drinks from a plastic glass while sitting at a table with food on it .",a boy in a blue shirt is eating a meal at a table.,0.1865025,a boy in a blue and white t - shirt is eating a meal at a table.,0.2786201,,,,
298,"A child , held by his mother , slides down a water slide . || A woman holding a young boy slide down a water slide into a pool . || A woman is holding up a child as they coming splashing down a slide into a pool . || A woman is sliding down a water slide with a little boy on her lap . || A woman slides down a purple water slide with a small boy on her lap into a pool .",two boys are playing in a pool.,0.1323896,a boy and a girl are in a pool.,0.2910203,,,,
848,A black dog in the middle of running or leaping . || A black dog is running quickly along the ground . || A rottweiler running . || The brown and black dog sprints across the snow . || There is a black and tan dog bounding through the air .,a black dog is jumping through the air.,0.1614986,a black dog is jumping through the air.,0.1885665,,,,
668,a black dog plays with a ball in the water . || A black dog runs in the water holding a pink toy in its mouth . || A black dog standing in shallow water with a pink ball in its mouth . || A black dog stands in the surf holding a red rubber ball . || The black dog is running though the water with a pink ball .,a black dog is running through the water with a pink toy in its mouth.,0.2123646,a black dog runs through the water with a pink ball in its mouth.,0.2789441,,,,
282,A child playing on the monkey bars at a playground with an adult present . || a girl hangs on the bars . || A kid hangs upside down on the monkey bars at a playground . || a young children hanging upside at the playground || girl hanging upside down on blue monkey bars,a girl is upside down on a blue pole.,0.1478945,a girl is upside down on a blue pole.,0.1918857,,,,
939,a dog is stepping out into the water towards the sun 's reflection . || A dog is wading in the water . || A dog wading into the water || A dog walking through the pound . || The dog is walking out into the water and the sun is casting a reflection off of the water .,a black dog is running through the water.,0.1469645,a black dog is running through the water.,0.1698852,,,,
944,a boy and a woman walk into the ocean . || A toppless woman holds hr naked child 's hand while they stand in the ocean waves . || A woman and a naked child wade into the ocean . || A woman holds a baby 's hand and walks in the water . || A woman in bikini bottoms stands in the surf holding the hand of a naked baby .,a woman and a child are walking on the beach.,0.166942,a woman and a child on the beach.,0.2232901,,,,
606,"A boy in a blue shirt runs while smiling . || A child in a black shirt , running . || A little boy in navy blue is running very fast . || A young boy in a dark blue shirt runs as the grassy background blurs . || A young boy in dark clothing with a smile sprints .",a young boy in a black shirt is running on a field.,0.1729376,a young boy in a black shirt is running on the grass.,0.2250963,,,,
959,Three women standing on a city street . || Three women walk down the street . || Two girls and a woman walking on the sidewalk || Two girls in bright green boots and a woman are together . || Two young ladies in green boots are walking through an urban area while an older lady wearing black shoes follows them .,two people are standing on a street.,0.1350515,two men and a woman are standing on the street.,0.2168825,,,,
934,"A man in a beret rides a bicycle down the street . || A man wearing a beret rides his bicycle on a recreation trail . || an old man , with a grey beard , riding his bike || Closeup of a man cycling down a road lined with boulders . || man wearing a beret riding a bicycle",a man rides a bicycle on a street.,0.1331455,a man rides a bicycle on the street.,0.1625711,,,,
731,A girl blows a whistle . || A little girl in a yellow dress with red flowers blows a whistle . || A little girl with a yellow dress blows the whistle . || A small girl blows a whistle . || A young girl in a yellow flowered sundress holds something in her right hand to her mouth .,a girl in a yellow dress is singing on a microphone.,0.1605384,a young girl in a yellow dress with a microphone in her mouth.,0.2526226,,,,
287,"A brown dog up to its neck in water || A dog is almost all the way in the water and takes a drink . || A dog , possibly a basset hound , stands nose-deep in pond water . || A large dog wades through shallow water . || The brown dog is taking a drink while wading in the water .",a brown dog is wading in a pond.,0.1455404,a brown dog is wading in the water.,0.1910317,,,,
527,A boy is diving through the air into a swimming pool . || A boy jumps into a pool on a bright sunny day . || a boy jumps into the blue pool water . || A smiling child dives into a pool . || The young boy is jumping into the pool on his belly .,a boy is jumping into a pool.,0.138223,a young boy is jumping into a pool.,0.1667786,,,,
807,A girl wearing a blue dress is sliding down a tube slide . || A little girl in a white top is inside a concrete tube . || A little girl is sliding down a tunnel smiling . || A little girl smiles as she slides down a tube on a sunny day . || A young girl in inside a tunnel .,a girl in a white dress is coming out of a tube.,0.18317,a girl in a blue dress is coming out of a tube.,0.2315209,,,,
229,a skier helping a fellow skier get up from the snow || One climber helps another in the snow . || One mountaineer is kneeling on the ground next to another mountaineer who is standing . || two hikers in the snow adjusting rope equipment || Two people are hiking in the snow .,two men are climbing a snowy mountain.,0.1286814,two people are climbing up a snowy mountain.,0.1864615,,,,
436,A boy in a bathing suit stands in water . || A little boy stands in a creek on a sunny day . || a toddler wearing colorful shorts is standing in the water . || A wet child standing in water . || Little boy knee-deep in water .,a boy in a blue shirt is standing on the shore of a lake.,0.2097254,a young boy in a blue shirt is standing on the shore of a lake.,0.2723364,,,,
28,A man climbing a mountain . || A man climbs a mountain . || A man is climbing the side of a mountain . || A shirtless man climbs up a steep mountain . || A young white man is climbing a mountain with a rope as a guide .,a man is climbing a rock wall.,0.135588,a man is climbing a rock wall.,0.2141925,,,,
374,"A barefoot and shirtless skateboarder rides along a road . || A man in shorts skateboards down the street . || A skateboarder in striped shorts skating down a street . || A teenager wearing striped shorts and no shirt is skateboarding down a road a long the ocean . || Shirtless , tattooed man rides skateboard down blurring street near beach .",a man in a striped shorts is jumping on a road.,0.1746255,a young boy in a striped shorts is skateboarding on a track.,0.2507124,,,,
819,A child in an orange shirt with a book . || A young asian boy in a orange long-sleeved t-shirt holds a magazine . || A young boy is holding a book . || The boy wearing an orange sweater is carrying a book . || There is a child wearing an orange shirt and hold an orange book .,a young boy in an orange jersey is holding a sign.,0.175133,a young boy in an orange jersey is holding a sign.,0.352368,,,,
316,A black and white dog carrying a large stick || A black and white dog is carrying a stick in its mouth . || a black and white dog walking through the grass with a long stick in his mouth . || a dog holds a stick in its mouth . || A dog trots across the ground with a large stick in his mouth .,a black and white dog is carrying a stick in its mouth.,0.2961979,a black and white dog is carrying a stick in its mouth.,0.2337274,,,,
560,Three dogs are running in the water on the beach . || Three dogs entering the ocean . || Three dogs rush to chase a ball thrown into the surf . || Three dogs walking away on the waters edge of the shore . || Three large dogs are playing in the water at the beach .,two dogs are running through the water at the beach.,0.1742657,two dogs are playing in the water at the beach.,0.2026493,,,,
241,a black dog jumping to catch a rope toy || A black dog playing fetch with a ball of rope . || A black dog pounces to get a rope toy . || A black dog running after his rope toy . || A large black dog is playing in a grassy yard .,a black dog is running in the grass.,0.1469455,a black dog is running in the grass.,0.2230501,,,,
149,"A closeup of an elderly man . || A man poses outdoors . || A man with a red collar and gray beard looks at the camera . || An older man wearing a black jacket standing outside . || Bearded man in fleece jacket smiles for a picture , the background is blurry",a man with a beard and a green collar is standing in a street.,0.2043124,a bearded man with a beard and a red jacket is standing in the street.,0.2580452,,,,
516,A group of men in period clothing are standing in front of a hut . || A group of people dressed as pirates . || The people are in older looking attire . || The people in white and maroon clothes are in a wooden building . || The seven men are gathered .,a group of men in tuxedos are sitting on a tree stump.,0.2173591,a group of men wearing tuxedos pose for the camera.,0.2686612,,,,
417,A male and female on a one seat bike ride along a tree lined road || A man rides a bicycle while a young girl holds onto the back of him . || A young girl is standing on the back of a man 's bicycle while the man peddles forward . || Man on bike with female standing on rear of back with arms around his neck . || One kid is towing another on his bike,a man and a woman ride a bicycle.,0.135731,a man and a woman are riding their bikes.,0.1864692,,,,
660,"Two females are standing next to each other and appear to be unexcited . || Two girls are standing by a wooden wall looking off to their left . || Two women with black hair stand in front of plywood . || Two young women are leaning up against a wooden wall . || Two young women , one with folded arms , look off screen .",two girls in a dress and a girl in a dress.,0.1844519,two young women are standing in front of a wooden wall.,0.2048519,,,,
198,"an elderly woman is riding a bicycle in the city as a yellow taxi is about to pass by . || An elderly woman rides a bicycle along a city street . || An older woman with blond hair rides a bicycle down the street . || A woman in a grey overcoat rides her bicycle along a street . || Older woman wearing glassses riding a bicycle with a shopping bag on the handle , yellow car is in the background .",a man in a suit rides a bicycle on a city street.,0.1849282,a man in a suit rides a bicycle on a city street.,0.2360393,,,,
585,"A dog sled team seen from behind . || A group of dogs harnessed together to pull something in the snow . || A sled dog team running from the perspective of the rider . || A sled-dog team works hard on this snowy trail . || Several dogs in the snow , all harnessed in a line .",two dogs are pulling a sled.,0.1216856,two dogs are pulling a sled.,0.1718591,,,,
325,a muzzled white dog is running on the grass . || A white dog with a muzzle is running on the grass . || A white dog with a muzzle is running through an uncut field with a fence nearby . || A white dog with a muzzle trots on grass in front of trees . || White dog with a muzzle running in the grass .,a white dog is running through the grass.,0.1426726,a white dog with a black muzzle is running through the grass.,0.2467952,,,,
823,A break dancer spins on his head outside as onlookers watch the performance . || A man spinning on his head on a city sidewalk near a checkerboard mat . || A man stands on his head in front of a crowd . || Man standing on his head near a black and white pattern in the street . || Young man break dancing in the street .,a man in a blue shirt is crossing a checkered floor.,0.1820717,a group of people are crossing a crosswalk.,0.2099278,,,,
702,"A man with red shirt and black hat stares at another man . || Asian man in red flowered shirt and hat in discussion with two other men || Talk between man in Hawaiian shirt , older man in gray and man seen from behind . || These three men are sitting near each other , and are all wearing short sleeved shirts . || Three men , one in a red and white shirt , are sitting together .",two men sit on a bench.,0.1266247,two men sit on a bench.,0.1622186,,,,
949,A snowboarder is doing a flip over a mound of snow . || A snowboarder is in midair doing a trick . || somebody in the air on a board || Someone on a rooftop jumping on some sort of a board caught in midair . || There is a person on a snowboard up high in the air .,a skateboarder in the air at the top of a ramp.,0.1871763,a skateboarder in the air at the top of a ramp.,0.2246307,,,,
515,"two black dogs each with running on the beach with balls in their mouths . || Two black dogs run in the sand by a pier . || Two black dogs run through sand . || two dogs run across the sand near a boardwalk . || Two wet , black dogs are running through some sand .",two dogs are running on the beach.,0.1498234,two dogs are running on the beach.,0.1791938,,,,
864,A dog leaps out of the water . || a small dog jumping threw some a lake || A tan dog jumps into water . || A white dog is splashing through the water . || Dog jumping out of water in a lake .,a dog is jumping through the water.,0.1450076,a tan dog is running through the water.,0.161261,,,,
836,Two girls dressed in costume with purple flowers in their hair strike a pose for the camera . || Two showgirls are posing together . || two woman are showing different facial expressions and wearing gold and purple costumes . || Two women in purple and gold dance outfits are posing . || Two women in sparkling bikinis are posing,two girls in purple feathers are standing in a parade.,0.1577997,two girls dressed in purple and gold are posing for the camera.,0.2146682,,,,
877,A dog jumping up to touch a woman 's hand . || a dog jumps to an elderly woman . || An airborne dog on a leash with a woman . || The small dog is leaping in the air toward the woman 's hand . || The woman in the blue sweater encourages the dog to jump in the air .,a man in a blue shirt is walking a dog on a leash.,0.182657,a man in a blue shirt is walking a dog on a leash.,0.2716607,,,,
359,A black and tan dog is running with a white and gray dog along dirt . || The two dogs are running into the woods . || Two dogs run down a dirt path in the forest . || Two dogs running away from the camera in the woods . || Two dogs run on a dirt area near a forest .,two dogs are running on a dirt road.,0.1279659,two dogs are running on a dirt road.,0.172611,,,,
594,A group of people are standing around a sound mixing table . || A group of people looking at sound equipment . || People are inspecting sound equipment indoors . || People examine equipment . || Six people standing behind electrical equipment .,a man and two young boys are standing in front of a table of computer equipment.,0.2573789,a group of men and women are standing in front of a table of computer equipment.,0.2861743,,,,
788,Two dogs run along the green grass near the water . || Two dogs running past a tree . || Two dogs run through a field . || Two dogs run through grass near a body of water . || Two grey dogs run near the water on a manicured lawn in the fall .,a tan dog is running on the grass.,0.1227977,a tan dog is running in the grass near a tree.,0.2145488,,,,
188,a brown and black dog jumping through a field of long blades of grass || A dog runs through the tall grass . || A dog wearing a red harness runs across a field || Black and brown dog with red harness in high grass . || Dog running through the weeds .,a dog is running through a field.,0.1296044,a black and tan dog is running through a field.,0.2537219,,,,
66,A man gets lots of air time as he wakeboards . || A man is waterskiing on one ski and jumping out of the water . || A wakeboarder leaps in the air . || A waterskier is jumping through the air whilst holding onto the line . || The man on the board uses the wave to jump high into the air .,a man wakeboarding on a lake.,0.1303431,a man wakeboarding on a lake.,0.209766,,,,
355,A brown number six race dog is slightly behind a black race dog on a track . || two dogs race across the track . || Two greyhounds race . || two muzzled greyhound dogs running around a track || Two muzzled racing dogs running along track .,a greyhound is racing on a track.,0.1354131,a greyhound is racing on a track.,0.1456654,,,,
799,A person in a red striped hooded sweatshirt and jeans shorts walking on a grassy hill . || A person wearing a striped shirt is walking on a hill . || A woman in a striped sweater is standing on a hill . || A woman walking across a hill with dark clouds in the background . || One person with a pink and black striped shirt and white shorts walking up a hill .,a man in a striped shirt is standing on a grassy hill.,0.1678023,a man in a striped shirt is standing on a grassy hill.,0.2433822,,,,
902,"A cyclist sits on some steps with his bike . || A helmeted man sits on steps with graffiti on them , and a bike nearby . || A man sits on the stairs next to his bike . || A man with his bike amid a demolished building . || Man with a bike sitting next to rubble .",a man in a red jacket is riding a dirt bike.,0.1878874,a motorcyclist is riding on a track.,0.2805101,,,,
920,A boy in a green shirt above something blue . || a small boy getting tossed into the air || A young boy jumps around on a blue mat with a half-smile on his face . || A young boy plays in front of a blue object . || The boy wearing the green shirt is climbing on a blue inflatable .,a young boy in a green shirt is jumping on a blue pool.,0.179011,a young boy in a green shirt is jumping on a blue pool.,0.2804778,,,,
942,"A little boy is holding a skinny baseball bat while standing between two rows of blue seats . || A small boy dressed in a black sweatshirt with a logo on it , holds a red bat in front of blue stadium seats . || A young boy in a team sweatshirt is in a sports stadium near blue seats swinging a red bat . || A young boy practices his bat swing while in the stands with blue seats . || The boy wearing a black shirt and blue jeans is holding a red baseball bat .",a boy in a brown jacket is sitting in a blue seat.,0.2057858,a young boy in a brown jacket is sitting in a blue seat.,0.2292601,,,,
330,A bobsled team runs through a snowy trail . || A pack of Huskies run across the snowy ground . || A sled and dogs mushing || The dogs run in the snow pulling a sled with a person . || The dog team is pulling the man on the sled .,four dogs are racing in the snow.,0.1395016,a group of sled dogs are racing in the snow.,0.2135625,,,,
727,A man in yellow jumps with his skis . || A man in yellow ski jumping over a barrel . || A man jumps while snow skiing . || A skier catches air over the snow . || Man skiing over a barrel in a snowy area .,a skier in the air at the top of a jump.,0.1826127,a snowboarder in the air at the top of a ramp.,0.2441876,,,,
396,A man in a red jacket stands near a yellow kayak . || a man in a red jacket stands next to a yellow kayak on rocks by the ocean . || A man pulls on his sweater as a kayak lays at his feet . || A man wearing a red jacket standing beside a yellow canoe on some rocks with water in the background || A man wearing a red jacket stands on the shore of a lake with a yellow kayak .,a man stands on a dock near a kayak.,0.1623271,a man stands on the shore of a kayak.,0.2900196,,,,
463,A hiker makes his way downhill . || A man carying sticks descends a rocky hill . || A man is hiking on a mountaintop on a cloudy day . || Hiker walking along high rocks in front of a blue sky with puffy white clouds . || The man in a blue sweater is climbing down the rocks,a man is climbing a rock wall.,0.1242993,a man is climbing a rock wall.,0.2797066,,,,
393,A man in fancy clothing plays a guitar on a stage . || A man playing a guitar under the lights with other people in the background . || A woman plays guitar by a round light . || Man playing guitar in a dark room . || The man played guitar in the band .,a man in a yellow shirt is playing a guitar at a microphone.,0.1967521,a man in a white shirt is playing a guitar at a microphone.,0.2429185,,,,
311,A blond dog runs down a flight of stairs to the backyard . || A dog jumps off the stairs . || A tan dog runs down a wooden staircase to the green grass . || A yellow dog is jumping across a grassy yard in front of a wooden deck . || A yellow dog jumping off of a porch .,a white dog is running down a set of stairs.,0.1734032,a white dog is running down a set of stairs.,0.217452,,,,
680,"A man on the beach is taking a picture of another man . || A man posing for his photo on a rocky beach . || A man takes a picture of another man at the beach . || Man filiming a man with sunglasses at the beach . || Two men are standing on a rocky shore , while one photographs the other .",two men are standing on the beach.,0.1394102,two men are walking on the beach.,0.1755878,,,,
744,"A man rides his blue bike high in the air over a park . || a man wearing blue and riding a blue bike jumping in midair || Someone is airborne on a turquoise bicycle . || The boy is doing a stunt , through the air , on his bicycle . || The man is performing a trick high in the air with a bicycle .",a man is jumping on a bicycle in the air.,0.1607617,a bmx rider in the air.,0.1742817,,,,
921,"Two dogs are fighting over something . || two dogs doing a tug of war on a black object || Two dogs fight over a stick on a grassy field , a lake in the background . || Two dogs meeting near the water 's edge || Two dogs , one tan and one black , play tug-o-war on the grass near the pond .",two dogs are playing in the grass.,0.1414764,a black dog and a brown dog are playing in the grass.,0.2201911,,,,
461,"A toddler is making a splash inside a blue paddling pool . || A young boy wearing blue shorts is splashing is a blue kiddie pool . || Child in blue trunks splashing in blue kiddie pool || Child in kiddie pool splashes water , sticks out tongue . || The child is splashing water in a small blue pool .",a young boy splashing in a pool.,0.1362408,a young boy splashing in a pool.,0.1774687,,,,
522,A gondola is steered through the canals with other boats around . || A man is steering a gondola with people in it down a river with buildings all around . || a man rowing a ganilla down a watery path || Man in a gondola in a canal . || The gondola is poling his boat in the canal .,a man in a boat on a canal.,0.1369571,a man in a boat on a canal.,0.1706288,,,,
631,"A child on a kiddie swing being pushed by a woman || An adult smiles with a child on a swing . || A young woman watches as a young blond boy swings in a chair swing with buildings visible in the background . || The woman stands outdoors , next to a child in a swing . || Woman standing , with a child on a swing .",a man and a girl are swinging on a swing.,0.1493434,a boy and a girl are swinging on a swing.,0.2035181,,,,
490,A man surfing a wave . || A surfer in a wetsuite jumps waves . || a surfer is riding his board over a wave . || A surfer on a white board catches a wave . || The man turns with the wave on his surfboard .,a man is surfing on a wave.,0.1247958,a man on a surfboard in the air.,0.2215532,,,,
195,A boy with red shorts is holding a basketball in a basketball court . || A young boy is playing basketball in an official game . || The boy is playing basketball . || The boy runs with the basketball while looking up . || The children are playing basketball indoors .,a boy in a blue jersey is dribing a basketball.,0.1782899,a young boy in a blue and white uniform is draping a basketball.,0.3841598,,,,
256,"a boy pushes a wagon full of pumpkins . || A boy pushes a wagon with two pumpkins . || A boy smiling , leaning over a wagon filled with two large pumpkins . || A child squats behind a wagon with two pumpkins in it . || boy pushing wagon with two pumpkins in it",a boy in a green shirt is riding a wagon.,0.2111679,a young boy in a wagon with a pumpkin in the back.,0.2354279,,,,
693,A brown and white dog trotting down the road in autumn . || A brown dog is carrying a ball up the road . || A dog with a ball in his mouth running down a road covered in leaves . || A large dog walks along a gravel path in the woods . || A tan and white dog retrieving a ball on a gravel path .,a tan dog is running down a road.,0.136323,a tan dog is running down a road.,0.1687898,,,,
740,A boy wearing a red shirt is splashed by water . || A child with water splashing on him . || A little boy being splashed by water on his head || little kid in red pooh shirt getting wet || The little boy in red is getting drenched with water .,a boy in a red jersey is splashing in a sprinkler.,0.2164781,a young boy in a red jersey splashing in a sprinkler.,0.2629998,,,,
577,"A brown dog is laying on its back on the grass with a ball in its mouth . || A brown dog lies on its back in the grass , holding a ball in its mouth . || A brown dog with a tennis ball its mouth rolling on its back on a grassy surface . || A dog lays on his back with a favorite tennis ball in his mouth . || A tan dog plays with a tennis ball while rolling around in the grass .",a dog is lying on the grass with a ball in its mouth.,0.2003694,a brown dog is lying on the grass with a tennis ball in its mouth.,0.2619204,,,,
157,"A boy with an orange shirt smiles , while a boy in a blue shirt looks on . || A little boy in a tan hat on the ground of a play area . || A smiling boy in an orange shirt with a safari hat sits at the playground , while a boy in a blue shirt looks on . || Boy in tan hat laughs while sitting near playground equipment . || Two boys , one wearing a hat , in a playground .",a young boy wearing a hat is standing in front of a green pole.,0.2231648,a young boy wearing an orange twirls a ribbon at a playground.,0.274852,,,,
612,a brown dog jumping over a blue and yellow stick . || A brown dog jumping over a hurdle . || A brown dog jumps over an obstacle . || A dog jumps over a hurdle at a competition . || The brown dog is jumping a hurdle over a yellow and black pole .,a brown dog is running on a course.,0.140803,a brown dog is racing on a course.,0.1831544,,,,
392,"A group of men playing hockey . || A team of hockey players , with one player taking a shot . || Hockey players with one taking a shot . || Six hockey players of the same team are skating around waiting for the puck . || There is an ice hockey game in progress .",two hockey players are playing a game.,0.1371657,a group of hockey players in red uniforms on the ice during a game.,0.4415417,,,,
969,A man in swimming trunks is standing against some rocks . || A man wearing flowered swimming trunks is standing near large mossy rocks . || A man wearing red shorts is holding onto the rocks beside the water . || Man in red shoes and red and white print shorts posing in front of rocks by water . || Man posing by a natural pool .,a young boy in a bathing suit is jumping off a rock wall.,0.1904362,a young boy in a bathing suit is standing on the edge of a stream.,0.2568291,,,,
688,A person hanging from a telephone pole near the mountains . || A person is hanging in the air from the power lines . || A person is hanging upside down from power lines . || Person hanging upside down from poles || Someone is suspended from electrical wires .,a person is climbing a rope.,0.1025372,a person is jumping on a rope.,0.1560457,,,,
361,A woman dressed in black and pink has a large tattoo on her back . || A woman in pink pants and a black tank top displays the tattoo on her back . || a woman wearing a black tank top revealing a large fairy tattoo . || A woman with a tattoo on her back walks away from the camera . || The woman wearing pink pants has a tattoo of a butterfly on her back .,a woman in a black dress with a tattoo on her back.,0.1721006,a woman with a tattoo on her back.,0.201962,,,,
816,A boy with a toy gun . || A little boy in orange shorts playing with a toy . || A young boy with his foot outstretched aims a toy at the camera in front of a fireplace . || A young child plays with his new light-up toy . || Boy with toy gun pointed at the camera .,a young boy in a red shirt is sitting on the floor with a green and yellow pacifier in his mouth.,0.2874856,a young boy in an orange shirt is sitting on the floor with a green and yellow pacifier in his mouth.,0.3737561,,,,
401,a blonde boy in a white and orange t-shirt is playing on a swing . || A boy in a surfing shirt is swinging on a swing . || A child is smiling while being on a swing . || A little boy swings at the playground . || Young child swinging on a swing .,a young boy in a white shirt is swinging on a rope.,0.1792707,a young boy in an orange and white shirt is swinging on a rope.,0.2570611,,,,
92,A black and white dog is running on the beach . || A dog runs on the beach . || Black and white dog on wet sand . || The black and white dog is running in the damp sand . || This large black and white dog is running on the sand .,a white dog runs across the sand.,0.1248289,a black and white dog is running on the beach.,0.2007548,,,,
917,A girl is climbing a rock while someone is filming her . || A little girl is climbing up a rock as her mom 's shadow is casting over the rock . || A small child climbs a large rock while someone casting a shadow takes her picture . || A young girl is rock climbing . || The long black shadow casts a image on the rock while the young girl climbs the rock .,two children are playing with a black dog.,0.1341571,a black dog and a black and white dog are playing with a frisbee.,0.3273317,,,,
489,"A costumes woman applies makeup while looking in a mirror . || A showgirl , holding lipstick in her hand , and wearing a feather headdress , looks in a mirror . || A showgirl puts on her lipstick in the mirror . || A woman in a fancy costume is fixer her makeup in front of a mirror . || Costumed woman applying lipstick .",a woman in a black dress is singing at a microphone.,0.1820231,a woman in a black and gold dress is standing in front of a microphone.,0.2970966,,,,
451,a lone surfboarder jumping a wave on a white surfboard . || A man flies into the air with his surfboard . || A person in a wetsuit is in midair while surfing . || A surfer is in the air above the ocean . || A surfer performs a trick .,a wakeboarder in midair.,0.1319839,a wakeboarder in midair.,0.2069987,,,,
251,A blond haired child in a black outfit and red belt doing karate . || A child with a red sash practices martial arts . || A girl in a black outfit with a red sash and a black headband has one hand on her waist and one extended straight out . || A young boy wearing a black uniform with a red sash taking part in a martial arts exposition . || A young child with a red belt does a demonstration .,two young girls are jumping on a blue and red surface.,0.1766746,two young girls in black are jumping on a stage.,0.2993705,,,,
653,A dog running on the sand by the beach while his owner looks at the other dogs on the beach . || A man and 4 dogs playing on the beach . || A man is standing at the shoreline on the beach with 4 dogs . || A man is standing in front of 4 dogs on the beach . || Man watching four dogs play on the beach,a man and two dogs are walking on the beach.,0.1804239,two dogs and a man on the beach.,0.2527754,,,,
769,"A camera man videotapes a skier climbing a tree stump . || A man on ski has jumped in a tree while another man is watching || A person in skis is jumping off the side of a tree while someone records it . || a skier doing a trick on pole while being photographed by another man || A skier jumps through the air , next to a tall tree , while a man videotapes him .",a man is climbing a tree.,0.1374038,a man is climbing a rock wall at night.,0.1870826,,,,
670,"A man chains his bike to a rack while a woman in black and red walks . || Several people , one being a woman in a black dress , are outside , near a bike rack . || The woman wearing a red bow walks past a bicycle . || Woman in a black dress walking on the street . || Woman in black dress with red accessories is walking down the street .",a woman in a black dress walks down a sidewalk.,0.1553533,a woman in a black dress walks down a sidewalk.,0.2118191,,,,
129,Two girls running through pool while water sprays over them || Two girls run through a sprinkler in a pool . || Two smiling little girls playing in a fountain with other people . || Two young girls are running through shallow water at a pool . || Two young girls run through a pool while water sprays them .,two girls splashing in a pool.,0.1177238,two girls splashing in a pool.,0.27698,,,,
637,A furry dog running on an open field of grass . || A gray fuzzy dog running through snow . || A gray terrier runs in a snow-covered field . || A grey shaggy dog running || Fluffy grey dog running in a field,a fluffy fluffy fluffy fluffy fluffy fluffy fluffy fluffy fluffy fluffy fluffy fluffy fluffy fluffy fluffy fluffy fluffy fluffy fluffy fluffy fluffy fluffy fluffy fluffy fluffy fluffy fluffy fluffy fluffy,0.4156072,a fluffy grey dog is running in the snow.,0.2337729,,,,
991,a brown and white dog is sniffing the snow covered ground . || A brown and white dog walking in the snow near a fence . || A brown & white greyhound dog sniffs the snow . || A lean white and brown dog makes its way through a patch of snow . || A slender dog checks out a snowy patch of land .,a white dog with brown spots is standing in the snow.,0.1874087,a brown and white dog is standing in the snow.,0.3042017,,,,
342,a lone skateboarder jumping a huge skateboarding ramp . || A man dressed all in black performs a trick on a rail while wearing inline skates . || An inline skater doing a jump on a ramp . || A skateboarder makes a jump off a ramp . || The skateboarder is jumping over a ramp .,a skateboarder in the air at a skate park.,0.1786184,a skateboarder in the air at the top of a ramp.,0.2723785,,,,
308,Two cute little girls enjoying corn on the cob . || Two girls enjoy corn on the cob while sitting on a curb . || Two little girls sitting on the edge of a street eating corn on the cob . || Two young girls are sitting on the street eating corn . || Two young girls eating corn on the cob on a sidewalk without shoes .,two girls are sitting on the ground and eating ice cream.,0.2258091,two young girls are sitting on the ground and eating ice cream.,0.2733304,,,,
136,"A bird flying in the air || a bird flies low to the ground . || A bird with its wings spread || A hawk flies down towards the grass . || A hawk is flying , trailing lines from its legs .",a brown bird is flying through the air.,0.175836,a brown and black bird is flying through the air.,0.2052522,,,,
88,A black and white dog is running through a cow field . || A black and white dog running in the grass where there are some cows . || A calf is running in the fields while cows look on . || A cow herd grazing in the pasture with a dog running in the foreground . || A dog running in the grass around sheep .,a dog is running in a field of grass while sheep are standing in the background.,0.2383581,four sheep are standing in a field.,0.1743777,,,,
327,A person in black covering their face with their hands . || A woman covering her eyes in a park as the day comes to an end || A woman is covering her eyes with her hands . || Person in black jacket standing with hands over eyes with street lights on in the background . || The man with brown hair in the black sweater is covering his face with his hands .,a woman in a black coat is covering her mouth.,0.1593706,a woman in a black coat is covering her mouth.,0.2102426,,,,
475,Two men sitting on the bank of a lake with an ice chest . || Two people having a picnic by a lake . || Two people having a picnic by the shore . || Two people sitting on grass in front of a lake looking at the sky . || Two people with hats looking at a lake while sitting on a yellow-grassed hill .,two men sit on the shore of a lake.,0.1488966,two men sit on the shore of a lake.,0.1903417,,,,
981,"A biker with a blue jacket , black pants , and white helmet driving on dirt while people watch . || A person on a bmx bike . || Person in blue jacket on a bike on a dirt course with people looking from behind a red and white barrier . || The biker in blue is going around a corner . || The motocross rider wearing blue and black pants .",a motorcyclist is racing on a track.,0.1464894,a motorcyclist on a track.,0.2541791,,,,
850,a brown dog running through the dirty muddy grass || A dog running along a fence on a dirt track . || A light brown dog runs happily by a green fence . || Orange dog runs on dirt beside green fence . || The large brown dog is running outside in the dirt .,a brown dog is running with a red ball in its mouth.,0.1896381,a brown dog with its mouth open is running on the grass.,0.2171007,,,,
892,A boat containing people is suspended by a cable . || A boat suspended by a cable over the water . || A raft hanging from a rope over the ocean . || A small group of people are in a small red boat and it is in the air over the ocean . || The boat with passengers gets lifted out of the water by a large cable .,four people are riding a boat on the water at dusk.,0.1718631,four people are riding a boat on the water at dusk.,0.201562,,,,
375,A black dog and a brown dog in snow . || The small dogs play in the snow . || Two long-haired puppy dogs have a romp in the snow . || Two Pomeranian dogs playing in the snow . || Two small dogs playing in the snow together .,two dogs are running through the snow.,0.1321031,two dogs are running through the snow.,0.1582287,,,,
178,"A brown and black dog on a leash is sniffed by a black and white dog . || A dog on a leash walks on the sidewalk while another dog follows . || A small dog on a leash is being smelled by another animal . || The black and white dog is sniffing the butt of the brown dog that is on a leash . || Two small dogs , one black-and-white and one brown-and-black , walk down the street .",a dog is running down a road with a white and black dog.,0.2239703,a dog is running down a road with a white and black dog in its mouth.,0.3058224,,,,
26,"A little girl is sitting on the counter dangling one foot in the sink whilst holding a dish jet washer . || A little girl plays with a faucet . || A little girl wearing sunglasses puts her feet into the kitchen sink . || A young , barefoot girl in red sunglasses plays in a sink . || A young girl wearing red sunglasses sits near a sink and holds the faucet .",a girl in a pink shirt is sitting on a chair at a sink.,0.2447267,a young girl in a pink shirt and blue jeans is sitting on a kitchen counter.,0.2935746,,,,
349,A big dog holds its paw out to keep another dog at bay . || A large dog wards off a smaller dog . || Large dog plays with two smaller dogs on grass . || The brown and white great Dane plays with two yellow dogs in the grass . || Two smaller dogs and one larger dog with a puffy white tail are playing in a field .,two dogs are running in the grass.,0.1319054,two dogs are playing in the grass.,0.1641071,,,,
499,A girl swings on a vine over water . || A girl tries holding onto a vine so she so n't fall into the water . || a girl wearfing pink swings over a creek . || The girl is swinging on a rope over a small pond . || Woman swinging above water while holding a vine .,a girl in a pink shirt is jumping off of a rock in a stream.,0.2028451,a girl in a pink and white shirt is jumping off of a stream.,0.2899173,,,,
474,"A girl and guy dressed up in costumes || A man dressed as "" Teen Wolf "" hugs a woman made up like a vampire . || A man in a werewolf mask is with a woman wearing elf ears . || The man wearing the mask and sunglasses has his arm around the woman who is wearing fake pointed ears . || Two individuals dressed up like animals are posing for the camera .",two people pose for the camera.,0.1961992,a man and a woman pose for the camera.,0.1842158,,,,
617,"a brown dog is sitting on the grass wearing a blue sports jacket . || A dog in a blue sweater is sitting in the grass . || A gray dog sits on a lawn wearing a bright blue long sleeved jacket . || A gray dog wearing a blue long sleeved zip-up jacket . || The gray dog sits quietly , dressed in a blue track jacket .",a dog wearing a blue coat runs in the grass.,0.1623784,a tan dog wearing a blue jacket is running in a grassy yard.,0.2368529,,,,
697,There are two kids in swimmies playing outside next to some trees . || Two boys with long blond hair are climbing on a hillside . || Two boys with water wings climb a tree . || Two children posing for a picture wearing water wings and sitting on a rock . || Two little boys are sitting on a clump of dirt .,two boys are running through the woods.,0.1248257,two boys are running through the woods.,0.2020129,,,,
50,A boy is jumping on a bed . || A boy jumped up from the green bed . || A boy jumps from one bed to another . || A small child is jumping on a bed . || The boy in blue shorts is bouncing on the bed .,a boy jumps on a bed.,0.1086854,a young boy is jumping on a bed.,0.1609942,,,,
211,"A large man dressed in black on a street corner by a red brick building . || A man dressed in black is waiting at a crosswalk . || A man dressed in black stands at a street corner near a crossing light . || A man stands at a traffic light , waiting to cross the street . || Man in black waits at crossing signal near large brick building .",a man in a black shirt is walking down a street.,0.1699352,a man in a black t - shirt is crossing a street.,0.2888172,,,,
381,"A laughing woman leans on the legs of a sitting man while lying on a bed of pebbles . || A woman and a barefoot man lay down on rocky terrain . || Laying on stones , a girl with messy hair has her head on the boy laying next to her . || The two people are lying in gray rocks . || Young man and woman stretch out on stones , packages in foreground .",a man and a woman are laying on the ground.,0.1957422,a man in a blue shirt is laying on a pile of gravel.,0.2490259,,,,
