image_id,caption,image_path
row_004162,A man in a blue jersey is kicking a ball while another man watches .,flickr8k\sample_images\flickr8k_000.jpg
row_005457,A black and white dog is running over grass .,flickr8k\sample_images\flickr8k_001.jpg
row_005178,A crowd scene in front of mosque .,flickr8k\sample_images\flickr8k_002.jpg
row_005737,A man and a woman in hats near a flight of stairs .,flickr8k\sample_images\flickr8k_003.jpg
row_000437,A curly-haired boy jumps up on a bed .,flickr8k\sample_images\flickr8k_004.jpg
row_004593,A girl laying on a sidewalk .,flickr8k\sample_images\flickr8k_005.jpg
row_005571,A mature woman in sunglasses and a jean jacket .,flickr8k\sample_images\flickr8k_006.jpg
row_003510,A man dressed as Santa rides in a parade .,flickr8k\sample_images\flickr8k_007.jpg
row_005016,A man in a prison suit is snowboarding .,flickr8k\sample_images\flickr8k_008.jpg
row_003308,A number of people ascending a zig-zag ramp with bright blue railings .,flickr8k\sample_images\flickr8k_009.jpg
row_002121,A dog is wading through deep water while holding a stick .,flickr8k\sample_images\flickr8k_010.jpg
row_005053,Boys and adults at a soccer game .,flickr8k\sample_images\flickr8k_011.jpg
row_001618,A person in a blue shirt sits behind two people sitting on a wood bench .,flickr8k\sample_images\flickr8k_012.jpg
row_004050,"A boy in a green shirt surrounded by toys and another boy , wearing a blue shirt with penguins , to his left",flickr8k\sample_images\flickr8k_013.jpg
row_003759,a tan and white dog jumping after a red Frisbee .,flickr8k\sample_images\flickr8k_014.jpg
row_005484,A basketball player in a white uniform is making a jump shot against a team wearing black uniforms .,flickr8k\sample_images\flickr8k_015.jpg
row_004928,"A man in a yellow coat tends a fire , a boy in a parka watches .",flickr8k\sample_images\flickr8k_016.jpg
row_003726,A bird flies across the water .,flickr8k\sample_images\flickr8k_017.jpg
row_005108,"A brown , black , and white dog play in a grassy field .",flickr8k\sample_images\flickr8k_018.jpg
row_003995,A black mother and five children in a rural area,flickr8k\sample_images\flickr8k_019.jpg
