split,label_id,label,count
train,0,airplane,450
train,1,bird,457
train,2,car,438
train,3,cat,459
train,4,deer,459
train,5,dog,445
train,6,horse,444
train,7,monkey,447
train,8,ship,453
train,9,truck,448
validation,0,airplane,50
validation,1,bird,43
validation,2,car,62
validation,3,cat,41
validation,4,deer,41
validation,5,dog,55
validation,6,horse,56
validation,7,monkey,53
validation,8,ship,47
validation,9,truck,52
test,0,airplane,800
test,1,bird,800
test,2,car,800
test,3,cat,800
test,4,deer,800
test,5,dog,800
test,6,horse,800
test,7,monkey,800
test,8,ship,800
test,9,truck,800
