original_index,label_id,label,image_path
3855,5,dog,stl10\sample_images\stl10_train_03855_dog.png
3583,1,bird,stl10\sample_images\stl10_train_03583_bird.png
1005,9,truck,stl10\sample_images\stl10_train_01005_truck.png
4870,7,monkey,stl10\sample_images\stl10_train_04870_monkey.png
4197,7,monkey,stl10\sample_images\stl10_train_04197_monkey.png
3801,4,deer,stl10\sample_images\stl10_train_03801_deer.png
640,1,bird,stl10\sample_images\stl10_train_00640_bird.png
444,0,airplane,stl10\sample_images\stl10_train_00444_airplane.png
3261,9,truck,stl10\sample_images\stl10_train_03261_truck.png
2564,6,horse,stl10\sample_images\stl10_train_02564_horse.png
2158,2,car,stl10\sample_images\stl10_train_02158_car.png
428,7,monkey,stl10\sample_images\stl10_train_00428_monkey.png
2251,6,horse,stl10\sample_images\stl10_train_02251_horse.png
4280,1,bird,stl10\sample_images\stl10_train_04280_bird.png
469,7,monkey,stl10\sample_images\stl10_train_00469_monkey.png
3673,0,airplane,stl10\sample_images\stl10_train_03673_airplane.png
3927,8,ship,stl10\sample_images\stl10_train_03927_ship.png
2187,6,horse,stl10\sample_images\stl10_train_02187_horse.png
3478,5,dog,stl10\sample_images\stl10_train_03478_dog.png
2627,4,deer,stl10\sample_images\stl10_train_02627_deer.png
